{
	"manifest": {
		"publishingInformation": {
			"locales": {
				"en-US": {
					"summary": "Sample Short Description",
					"examplePhrases": [
						"Alexa open hello world"
					],
					"name": "KnockKnock",
					"description": "Sample Full Description"
				}
			},
			"isAvailableWorldwide": true,
			"testingInstructions": "Sample Testing Instructions.",
			"category": "EDUCATION_AND_REFERENCE",
			"distributionCountries": []
		},
		"apis": {
			"custom": {
				"endpoint": {
					"sslCertificateType": "Wildcard",
					"uri": "arn:aws:lambda:ap-south-1:744333648057:function:knock2"
				}
			}
		},
		"manifestVersion": "1.0"
	}
}